id,occupation,experience_text,published_date
1,دانشجو,"«من یه دانشجو سادم که خیلی کار کرده کسی که فقط باید بشینه درس بخونه راه های جدیدا ببین ب فکر توسعه کشورش باشه حالا از این حرفا پوپولیستی را بزارم کنار 
من دولپر سایت بودم،راه انداز سرور های لینوکسی ب قول گفتنی الپیک کار بودم هنوز هستم،این آخری هم با هزار تا امید که میشه تو ایران هم پول خوب در اورد چون هیچ کدوم از اینا را دیدم پول توش نبود رفتم سراغ باگ بانتی نشستم یادم گرفتم حدود ۱۰۰۰ دلار دراوردم با این وضعیتی که میبینم هر روز دارم نا امید تر میشم کاش هیچ وقت یاد نمیگرفتم»",2026-02-02 00:00:00.000 +0330
2,مدیر,"«کسب و‌کار ده ساله من، امروز در آستانه خاموشی…
هم بنیانگذار مجموعه ای بزرگ در [نام] هستم فضای کار اشتراکی،شتابدهنده،مدرسه ی کسب و‌کار و کافه کارافرینی …
زیرساخت هایی به ارزش ۱۰ سال از لحظه به لحظه های زندگی و سرمایه ام، به ارزش کمرنگ کردن نقش مادری و جان دادن به کسب و کاری نو.
امروز که هر لحظه ش تردیدی برای داشتن فرداست
از حداقل هایی که دیگر نداریم تا حمایت هایی که هرگز نشدیم
هر روزی که به اندازه یکسال سختی را به جان خریدیم تا ببالیم به آینده کارافرینان شهرم
امروز، اما…»",2026-01-31 00:00:00.000 +0330
3,تحلیل گر داده,"«من در آن روزها یک پروپوزال کاری می نوشتم و برای چک کردن جملات و فکتهایم نیاز شدیدی به اینترنت داشتم. بعد از بازدید از سایتهای ایرانی که انصافا اطلاعات بدی نداشتند ولی منبعشان مشخص نبود رو آوردم به یک کتاب کاغذی. 

چون موضوع بسیار جدید بود بیم آن میرفت که جملات کتاب نیز نیاز به تصحیح و ویرایش داشته باشند. 

 همان نسخه نادقیق را دادم به شرکت.»",2026-01-31 00:00:00.000 +0330
4,برنامه‌نویس,«دیشب وقتی سراغ موبایل رفتم و باز یادم اومد که اینجا خبری نیست، و امروز که مسیر تا شرکت رو بدون مسیریاب و پادکست، در سکوت طی کردم، به این فکر کردم برای امثال من که ماهواره/تلویزیون ندارن و ارتباط‌شون با دنیای بیرون بیش‌تر از طریق اینترنت بوده، قطعی اینترنت مثل زندانی شدنه. آدم‌های محدودی که باهاشون حضوری ارتباط دارم هم هم‌بندهای من هستن و اون‌ها هم خبر چندانی از دنیای بیرون ندارن. میلیون‌ها زندانی، در زندانی به وسعت یک میلیون و اندی کیلومتر مربع.»,2026-01-31 00:00:00.000 +0330
5,نامشخص,"«تازه بعد از چندین سال فعالیت تو حوزه‌های مختلف، به کار دلخواهم که مرتبط با رشته‌ی تحصیلی مورد علاقه‌م بود رسیده بودم، که جزئی از یه پروژه‌ی علمی بین المللی بود.
بقیه‌ش معلومه... همه چیز دود شد رفت هوا.»",2026-01-28 00:00:00.000 +0330
6,نامشخص,«من به خاطر قطع اینترنت و سامانه‌ها خونه‌ام رو بدونم استعلام سند و به اعتماد بنگاهیا خریدم! وقتی خونه کوچیکمو فروختم که از زیرزمین بیام روی زمین. فکر نمی‌کردم از فرداش قراره اینترنت قطع بشه و کار به اینجاها بکشه. همه اون کسایی که خونشون رو گذاشته بودن برای فروش پشیمون شده بودن و قیمت به خاطر کم شدن عرضه ناگهان بالا رفته بود، هیچ مالکی زیربار  وام مسکن نمی‌رفت. این وسط منی که خونمو به قیمت قبل فروخته بودم بخاطر نگرانی از بدتر شدن اوضاع حالا از چاله به چاه افتادم.»,2026-01-28 00:00:00.000 +0330
7,دانشجو,«من یک کانال کوچک یوتیوبی دارم (یعنی داشتم)، که داخلش درباره‌ی ادبیات و گاهی رابطه‌ی آن با تکنولوژی حرف می‌زدم. شبی که اینترنت در حال قطع شدن بود، من یک ویدیو ساخته بودم و با خیال راحت از این‌که تا الان نبسته‌اند، پس نخواهند بست درحال آپلودش بودم؛ ناگهان تب گوگل کروم را بازکردم و دیدم که برای همیشه روی ۵۱ درصد متوقف شده‌است.»,2026-01-28 00:00:00.000 +0330
8,مدیر مارکتینگ,"«من تازه به عنوان مدیر مارکتینگ جایی استخدام شدم. قطع اینترنت شد بهونه تعلیق تیم مارکتینگ و بعد تعدیل منی که قراردادم تازه بود.
کلی فرصت سوزوندم برای اینکه این پوزیشن رو قبول کنم. حالا نه اون رو دارم نه اون پیشنهادات رو.
از اونورم یک تیم فریلنس داشتیم که پروژه دستمون بود، همه پروژ‌ه‌ها خوابید و کنسل شده و حالا رسما منبع درآمدی من صفر شده.»",2026-01-28 00:00:00.000 +0330
9,دیجیتال مارکتر,«من دو سال وقت گذاشتم تا بتونم پروژه از کارفرمای خارجی بگیرم. این کار نوعی ارز آوری و صادرات هم محسوب می شود. متاسفانه به دلیل تحریم ها نباید ملیت ایرانی لو برود. پس نه درکی از قطعی اینرنت دارند نه می توانند مدت نامعلومی پروژه رو متوقف نگه دارند.»,2026-01-28 00:00:00.000 +0330
10,برنامه‌نویس,"«با ۴ تا شرکت مصاحبه‌ی کاری داشتم و امیدواریم بودم یکی رو تمام‌وقت و اون یکی رو پاره‌وقت به دست بیارم که بالاخره یه مقدار پول بیاد تو زندگیم تا خودم و خانواده‌م رو جمع و جور کنم.
همه‌شون کنسل شد، جذب و استخدام خیلی از شرکت‌ها متوقف شد و قرارداد من هم از شرکت فعلیم از تمام‌وقت به ساعتی تبدیل شده؛
حالا منم خرج ۳ نفر و کلی قسط و بدهی و اجاره‌خونه، بدون شغلم که برنامه‌نویسیه.»",2026-01-28 00:00:00.000 +0330
11,روزنامه نگار,«ادمین شبکه‌های اجتماعی یک رسانه خبری مستقل و غیردولتی هستم که هیچ وقت به مردم دروغ نگفتیم و همیشه همراه مردم بودیم شبکه های اجتماعی رسانه خبری‌مون پیشرفت زیادی کرده بود و از تبلیغاتی که مردم ثبت می‌کردند درآمد خوبی کسب کرده بودیم اما در این بیست روز به هیچ شبکه اجتماعی دسترسی نداشتیم و هم زحمت مون بر باد رفت و هم نتونستیم به رسالت کاری‌مون که  انعکاس اخبار بی طرف و مردمیه بپردازیم. رسانه مستقل در زمان قطعی اینترنت مُرد ):»,2026-01-28 00:00:00.000 +0330
12,کادر درمان,«یک پلتفرم آموزشی ۹ ماه پیش راه انداختم و همه کار تولید محتوا و طراحی دوره‌های اموزشی و خلاصه صفر تا صد همه کارها با من بود. دقیقا در ابتدای ماه ۹ از شروع کارمون تازه به سود و درامد نسبتا قابل توجه رسیدیم و یک هفته بعدش همه چیز نیست و نابود شد. یک استارتاپ کوچیک مثل استارتاپ من حداقل ۵۰۰ میلیون تومن در این ۲۰ و اندی روز ضرر دید. احساس میکنم تمام کاری کردم تبدیل به هیچ شد. تمام رویایی که داشتم از بین رفت…»,2026-01-27 00:00:00.000 +0330
13,دانشجو,"«دانشجوهایی مثل من که کلی زحمت کشیدن و مدرک آماده کردن و پول آزمون زبان دادن واسه بورسیه ها 
بورسیه ها الان شروع میشه کم کم و استرس از دست دادن بزرگترین شانس زندگی مون
دسترسی نداشتن به سایت دانشگاه ها  و هوش مصنوعی و ....
قطع ارتباط با پروفسورها و....
کاش درک میکردین»",2026-01-27 00:00:00.000 +0330
14,نامشخص,"«همه میگن از اینکه چقدر به شغل هاشون اسیب وارد شده و تلاش هاشون نابود شده
ولی اینترنت یه حقه که گرفته شده از ما و مثل اینکه بگن فقط افرادی که ما تایید میکنیم حق دارند ببینند ، حرف بزند و غذا بخورند ( درآمد افراد از اینترنت )
چیزی که گرفته شده فراتر از شغل هاست 
زندگی ها گرفته میشه»",2026-01-27 00:00:00.000 +0330
15,معلم,"«طبق رسم ادب:سلام 
من معلم یک روستای محروم در بیابان های شمال شرقی کشور هستم.در این روستا تنها هستم و آنتن و اینترنت به سختی بالا میومد،با این وجود هم کمک حال من تو تدریس بود هم یک ابزاری که تنهاییام رو باهاش پر میکردم.الان فقط کارم شده خواب و غذا و خواب و غذا ،دروغ نباشه در کنارش یکم کتابم میخونم ولی واقعا داریم دیوونه میشیم :)
به امید روزای بهتر 🕊️
الهم عجل الولیک الفرج💔»",2026-01-27 00:00:00.000 +0330
16,محصل و تریدر,"«من محصل هستم، تمامی داده های خودم رو توی سرویس های ابری کلان مثل تلگرام ذخیره میکنم، در واقع نیمی از زندگی من توی سرورهای تلگرام ذخیره شده بود؛ الان همشون رو از دست دادم..
من به تازگی ترید رو شروع کرده بودم، ولی در همین ابتدای یادگیری ضربه سنگینی به من وارد شد.. این زندگی زیبای توی آرزو هام نیست و مقصرش هم من نیستم..💔»",2026-01-27 00:00:00.000 +0330
17,کارمند، مدرس آنلاین، صاحب کسب و کار اینترنتی,"«سال‌ها تلاش، سه تا کار میکردم تا شاید خودمو بالا بکشم که دو تاشون کامل وابسته به اینترنته. خداشاهده بیشتر از ده ساله که هیچ روزی کمتر از ۱۸ ساعت کار نکردم. و حالا پوف. خلاص، حاصل سال‌ها زحمت به فنا رفت. شاید مسخره باشه، ولی استریک دولینگویی که تا حالا سه بار صفر شده (۹۸,۴۰۱,۴۰۴) یه جورایی برام نماد به فنا رفتن زحمتامه. هی نابودمون میکنن، هی مثه‌ دیوونه‌ها دوباره از صفر شروع میکنیم. ما به فنا رفتگان نفرین شده جبر جغرافیاییم.»",2026-01-27 00:00:00.000 +0330
18,"طراح وبسایت , کارشناس سئو","«کارم طراحی و سئو وب سایته
همه چی به هم ریخته 
گوگل وب سایت های ایرانی رو ایندکس نمی کنه 
ssl رو نمی شه تمدید کرد.
اعتماد کسب و کارها برای سرمایه گذاری از بین رفته 
......»",2026-01-27 00:00:00.000 +0330
19,کارشناس سئو,«من کار سئو می‌کنم و با چندتا شرکت همکاری می‌کردم، بعد از قطع شدن اینترنت دیگه مشتری ندارن که لازم باشه روی سئوی سایت‌هاشون کار کنند و به همین علت شغل من با خطر مواجهه، نه‌تنها اون شرکت‌ها و سایت‌ها، وقتی اینترنت نباشه، مشتری هم وجود نداره و من کلا باید دنبال شغل دیگه‌ای بگردم، حتی نمی‌تونم به شرکت دیگه‌ای برم، چون قطعی اینترنت، کلا این موقعیت شغلی رو به خطر انداخته و داره از بین میبرتش.»,2026-01-27 00:00:00.000 +0330
20,توسعه دهنده وب,«از ایام کرونا که شروع کرده بودم به یادگیری برنامه نویسی، کلی سختی کشیده بودم تا بتونم در شرکتی به عنوان توسعه دهنده وب فعالیت کنم. در نهایت تصمیم گرفتم با جمعی از دوستان دانشگاهی استارتاپ خودمون رو راه بندازیم. جنگ 12 روزه اون استارتاپ رو زد زمین و ازش خارج شدم. هنوز شش ماه نشده بود که داشتم تو کار تازه ای برای خودم سر و پا میشدم که این بیست روز اون روند موفقیت هم ازم گرفت...انگار همیشه محکومم به باختن»,2026-01-27 00:00:00.000 +0330
21,برنامه نویس,«من ۸ سال هست در زمینه برنامه نویسی وب فعالیت میکنم، ۴ سال از عمرم رو گذاشتم برای بزرگترین پلتفرم درمانی جنوب کشور و خوشحال از اینکه یه مشکل از هم وطنم حل میشه، اما الان دیگه واقعا هیچ امیدی به آینده این کشور نیست،‌ هر دفعه بعدتر از دفعه قبلی هست و هر بار تصمیمات اشتباه تر از قبل، دیگه فقط هدفم اینه به هر طریقی شده مهاجرت کنم و اصلا هم مهم نیست به کجا فقط خاورمیانه نباشه»,2026-01-27 00:00:00.000 +0330
22,تولید کننده محتوا,«سلام، بنده محتوا ساز هستم ( بودم با این وضع اینترنت ) و خب منطقا حتی اگه من اینترنتم یک ذره وصل باشه هیچ فایده ای نداره چون شغل من وابسته به کل مردمه، من به صورت عادی درگیر چند بیماری هستم که حدود 10 میلیون تومن ماهی هزینه برام میندازه و خب رسما با قطع اینترنت من ماه دیگه رسما نمیتونم به زندگی ادامه بدم، همینجوریش بیماری هام باعث افسردگی میشدن و درحال مبارزه بودن ولی وقتی این وضع رو میبینم هیچ دلیلی برای مبارزه و زندگی ندارم.»,2026-01-27 00:00:00.000 +0330
23,زبان‌آموز,"«ابتدای مسیر مهاجرت تحصیلی‌ام
کار رو رها کردم و دارم به شکل خودخوان برای آزمون زبان آماده میشم، هم زمان پیگیر جمع آوری و تاییدات مدارکم، با وضعیت قطعی اینترنت دسترسی به وب سایت ها و هوش مصنوعی که نقش معلم رو برام داشت از دست دادم. سفارت هم به خاطر شرایط فعلی تمام نوبت هایی که داده بود رو باطل کرد و نوبت دهی هم قطع شد
هیچی دیگه بازم باید چند ماه تو صف انتظار و گرفتن نوبت و... بمونم»",2026-01-27 00:00:00.000 +0330
24,تولید کننده محتوا,«مدت‌ها تلاش کردم. شغل خوبی دارم اما با این شرایط حقوق بخور و نمیری دارم و زندگی خیلی سخته. دلم می‌خواست برای پیشرفت زندگیم و برای رفاه زن و بچم کار دیگه‌ای بکنم. تنها استعدادم تولید محتواست. سرمایه ندارم. بلدم چجوری از یوتوب پول دربیارم. رویا پردازی کردم براش و کلی زحمت کشیدم تا کانال انگلیسی زبانم مانتایز شه. داشت نتیجه می‌داد که همش فعلا از بین رفته. نت برگرده باید خوشحال باشم؟ نه چون حالا سایه جنگ هم بالا سرمونه. دیگه نمی‌دونم چیکار کنم»,2026-01-27 00:00:00.000 +0330
25,تولید کننده محتوا,«من داخل یه شرکت تولید محتوا کار میکنم و خب خیلی انگیز داشتم بابت اینکه توی کارم پیشرفت کنم و قدم روبه جلو بردارم و تازه داشتم خوب پیش میرفتم و حرکت میکردم اما از وضعیتی که از صاحب این بیزینس میبینم یکم دیگه نه تنها من دچار تعدیل میشم بلکه این کسب و کار هم جمع میشه و من فقط از این ناراحتم که دیگه هیچ کاری از دست من برنمیاد که انجام بدم....»,2026-01-27 00:00:00.000 +0330
26,برنامه نویس,"«۶ ماهه که استارت یه اپلیکیشن استریم فیلم تو یه کشور دیگه رو زدیم خودمو ۹ کارمند دیگه 
کاملا بیکار شدیم قرار داد تا چند روز دیگه لغو میشه 
پرداختیشون رو چون کار پیش نرفته نمیدن 
ماهیانه ۴۸۰ دلار هزینه سرور و هات دانلود خارجی میدیم 
امیدمونو کلا از دست دادیم 
امید آینده من و این ۹ نفر این کار بود 
به چیزیای بدی فکر میکنم اگه تا چند روز دیگه وصل نشه 
اگه ما رو میبینه خودش بهمون رحم کنه»",2026-01-27 00:00:00.000 +0330
27,صاحب تولیدی,"«من صاحب یه تولیدی ام، توی این مدت اولین ضربه ای که دیدیم ارتباطات با مشتریان خارج از کشور مون بود
با یسری شرکت بزرگ مثل کروز با ایمیل مکاتبه میکردیم که ارتباطمون از بین رفت
نمیتونیم برای مشتری ها فاکتور و پیش فاکتور ارسال کنیم
کاری به اینستاگرام و سایت مون ندارم که از دسترس خارج شده
و همه این موارد مربوط به شرکتی هست که کارش مستقیما با اینترنت در ارتباط نیست»",2026-01-27 00:00:00.000 +0330
28,دانشجو,"«من یک دانشجو هستم و راه درآمدم از اینستاگرام و دو وبسایتی بود که داشتم.
کارم فروش لوازم جانبی گوشی هست (بهتره بگم بود…)
در این مدت درآمد من به صفر رسیده و قسط‌های پرداخت نشده و امید بر باد رفته من، مثل خوره دارن جونم رو میخورن.»",2026-01-27 00:00:00.000 +0330
29,"فریلنسر , کارشناس سئو",«20 روزه که اینترنت قطعه و من هیچ دیتای واقعی از سایت‌هایی که روشون کار میکردم ندارم! دو هفته که نت قطع بود مجبور شدم درصدی رو بابتش از کارفرما نگیرم، که خب حق هم دارن. نمیدونم آینده شغل من چی میشه. شغلی که 4 سال از وقتمو براش گذاشتم و تازه تو لیندکین میخواستم پروژه دلاری بگیرم، اما الان نمیدونم چیکار کنم. خیلی سردرگمم. تنها کاری که دارم میکنم خوندن زبانه»,2026-01-27 00:00:00.000 +0330
30,تدوینگر,«توی شرکتی کار میکردم که وابسته به اینترنت بود و من تدوینگر بودم الان من موندم کلی قسط و شرکتی که بسته شد»,2026-01-27 00:00:00.000 +0330
31,کارپرداز,"«با سلام
من از ۰۱ و قطعی اون سال به شدت نسبت به کار فریلنسری ناامید شدم و به فکر جایگزین کردن شغل افتادم. جنگ ۱۲ روزه تیر خلاص بود بر حرفه من و تصمیم من مبنی بر تغییر حرفه! پس از چند ماه بالاخره تغییر شغل دادم و به عنوان کارپرداز شروع به کار کردم که باز باقطع اینترنت همه چی خراب شد!! من ابله فکر میکردم تو این زمان با این وابستگی به نت میتونم شغلی پیدا کنم که با اینترنت سروکار نداشته باشه. قطعی اینترنت تمام اقشار و معیشت اونها رو به ورطه نابودی کشونده اون هم تو این وضعیت!»",2026-01-27 00:00:00.000 +0330
32,کارمند موسسه مهاجرتی,"«من توی موسسه مهاجرتی کار میکنم. از زمان قطع شدن اینترنت ما نه تونستینم ویزاهایی که درخواست داده بودیم رو پیگیری کنیم و نه اینکه درخواست جدیدی ثبت کنیم. برای ارتباط با کلاینت ها و دریافت مدارکشون هم رو آوردیم به ارسال مدارک با فلش مموری تا اینکه یکی از این اتوماسیون های اداری قبول کرد افراد رو به عنوان کاربر مهمان عضو کنه که مدارکشون رو بفرستن برامون.
ولی عملا 3 هفته هست که حتی یک قرارداد جدید هم نتونستیم ببندیم.»",2026-01-27 00:00:00.000 +0330
33,صاحب کسب و کار اینترنتی,«من صاحب یه فروشگاه اینترنتی هستم که در حال حاضر به ۳۰ کشور محصول ارسال میکنم ولی با قطع شدن اینترنت دیگه نمیتونم به سایتم دسترسی پیدا کنم و همچنین مم برای تبلیغات ام از اینستاگرام،یوتیوب،تیک تاک،پینترست،اسنپ چت و گوگل استفاده می‌کردم ولی حالا به هیچ کدوم دسترسی ندارم من همچنین به صورت خود آموز زبان میخوندم و از یوتیوب برای یادگیری استفاده می‌کردم ولی حالا نمیتونم نمیدونم بعد از وصل شدن اینترنت قراره با چه فاجعه ای روبرو بشم.»,2026-01-27 00:00:00.000 +0330
34,آرشیتکت,«من آرشیتکت هستم. به خاطر شغلم نیاز دارم که هرروز سایت های خارجی مثل پینترست، وان میبا، ارچ دیلی، ۳دی اسکای و... رو بررسی کنم و ازشون ایده بگیرم یا ابزار کارم مثل پلاگین های طراحی و ابجکت های سه بعدی رو از این سایت ها دانلود کنم که متاسفانه با شرایط پیش اومده اصلا امکان چنین کاری نیست.»,2026-01-27 00:00:00.000 +0330
35,کارشناس برنامه‌ریزی تولید,«کارخانه‌ای که در اون کار می‌کردم، تمام امید من به زندگی بود. به عنوان زنی مستقل که به تازگی جدا شده، تنها چیزی بود که با اون به زندگی چنگ زده بودم و آب باریکه‌ای برای خودم داشتم که داشت کم کم بزرگ‌تر می‌شد. داشتم به زندگی بر می‌گشتم و پیشرفت می‌کردم. تا اینکه اینترنت رو قطع کردید. ارتباط کارخانه با مشتریان خارجی که پیش از این هم دیگه رفته رفته به خاطر نوسان دلار اعتمادی بهمون نداشتن کاملا قطع شد و خط خوابید. الان یک هفته‌ست که تعدیل شده‌ام. کاری هم پیدا نیست. چه کنم من؟ هان؟»,2026-01-27 00:00:00.000 +0330
36,وارد کننده,"«ما تو کار واردات جنس از چین ایم . 
به اضای هر روزی که اینترنت قطع ، باید پول انبار جنس هامون تو چین و عمارات رو بدیم ، چون اینترنت نداریم که به اون کارگو بگیم چیکار کنه .
( هزینه انبار به یوان و درهم هست)
مطمئن باشید جنس های داخل بازار، بعد این قطعی ها چند برابر میاد روش»",2026-01-27 00:00:00.000 +0330
37,دانش آموز,«من یه دانش آموزم از وقتی که اینترنت قطع شده کل زندی من از تحقیق های مدرسه تا سرگرمی از بین رفته حس میکنم دارم افسرد میشم نمی دانم ولی اگه درست نشه میخوام چیکار کم»,2026-01-27 00:00:00.000 +0330
38,مدرس زبان,"«من مادر یک دختر یازده ساله هستم. به خاطر هزینه بالای کلاس‌های آموزشی/تفریحی و همینطور هزینه زیاد رفت و آمد، دخترم از یوتیوب و برنامه‌های دیگری مثل خان‌آکادمی استفاده می‌کرد. هم برای یادگیری موضوعات موردعلاقه‌ش و هم گذراندن اوقات فراغت.
حالا به هیچ کدام از آنها دسترسی ندارد.
خودم هم مدرس زبانم و این سال‌ها بیشتر شاگردانم به صورت آنلاین در کلاس شرکت می‌کردند (تا حداقل هزینه رفت و آمد نداشته باشند) و حالا همین منبع درآمدم هم به تقریباً صفر رسیده.»",2026-01-27 00:00:00.000 +0330
39,توسعه دهنده نرم افزار,«ما یک سرویس نرم افزاری saas با یک تیم سه نفره ساخته بودیم و به مشتریان خدمات میدادیم از وقتی اینترنت قطع شده توسعه نرمافزار کاملا متوقف شده و خدمت رسانی  و بروزرسانی سرویس هایی هم که فروخته بودیم دچار مشکل شده است. تو این بیست روز هیچ مشتری جدیدی با ما تماس نگرفته . از طرفی هم تمام اون شوق و انگیزه ای که داشتیم رو از دست دادیم.»,2026-01-27 00:00:00.000 +0330
40,برنامه نویس,"«من یک برنامه نویس هستم با یک شرکت هلندی کار می کنم این ماه ماه اولم بود اونا حتی برای حسن نیت پول ماه اول رو بهم دادن اما بعد از قطع اینترنت فقط چندبار تونیتم ازشون عذرخواهی کنم
چون واقعا نمیشه توی این شرایط به گیت وصل شد به سرورهاشون اصلا کلا هیچ کاری نمیشه کرد حتی نمی تونی کد بزنی چون پکیجی نداری
ما زندانیان یک زندان بزرگ هستیم که زندانبان هر لحظه که بخواد هر چیزی رو قطع می کنه حتی هوای آزاد»",2026-01-27 00:00:00.000 +0330
41,"دانشجو , فریلنسر ,  برنامه‌نویس",«من ۱۹ سالمه دانشجو و برنامه‌نویسم. با فریلنسینگ هزینه‌های زندگیمو می‌دادم، اما از وقتی اینترنت قطع شد اضطراب و افسردگی همزمان سراغم اومدن. حتی با ۸ ساعت خواب کامل هم باز خسته‌ام و یه حس بی‌انگیزگی و سنگینی توی وجودم هست. پروژه‌ها عقب افتادن و مشتری‌ها هم کم‌کم قطع رابطه کردن. از آخر بهمن ماه ترم جدید دانشگاه هم شروع می‌شه و هنوز پول شهریه رو ندارم؛ این وضع برای من خیلی سنگینه. و عمق فاجعه اینه که اینترنت تنها مشکلمون نیست 💔»,2026-01-27 00:00:00.000 +0330
42,فریلنسر,"«برنامه‌نویس هستم و به صورت ریموت برای شرکتی در آمریکا کار میکنم، تا الان هرجور بوده کارم رو پیش بردم، اما ۲۰ روز هست که فقط تونستم بهشون اعلام کنم که من به پروژه و مخازن دسترسی ندارم.
اگر این شانس رو داشته باشم تا این همکاری ۴ ساله کماکان باپرجا بمونه، با کسری حقوق این مدت چه کنم؟ اگر همکاری رو قطع کنن، میشه شروع فاجعه، پیدا کردن موقعیت شغلی جدید تو این وضعیت خودش یک ماجرای طولانی و پیچیده هست!
معشیت من و خانواده‌ی من دچار اختلال شدید شده، چه کسی پاسخگوی این وضعیت هست؟»",2026-01-27 00:00:00.000 +0330
43,"برنامه نویس , فریلنسر",«من برنامه نویس و فریلنسر هستم. 19 روز هست که عملا کار و زندگیم خوابیده و تبدیل به یه آدم افسرده شدم که حتی از تختم بزوووور بلند میشم! اتفاقاتی که توی کشورم داره میفته یک طرف، این بلاتکلیفی و وعده‌های پوچ و بیکاری یک طرف! دارم از پا درمیام دیگه ... :(»,2026-01-27 00:00:00.000 +0330
44,طراح گرافیک,"«از لحظه اول با همه چیز و همه شرایط جنگیدم تا بتونم از علاقه‌م کسب درآمد کنم.
از ماه پیش تا الان شرکت ما یک ریال دریافتی نداشته. در طول 2 هفته گذشته 2 میلیون پول درآوردم؛ نه از پروژه، بعد از تایم کاریم تپسی کار میکنم :)
24 سالمه و کلی امید و برنامه برای زندگیم داشتم. از وقتی تونستم کار کنم هر روز و هرماه توقعم از یه زندگی نرمال رو آوردم پایین تا امیدی به عملی شدنش داشته باشم. اما ما محکومیم به کشتن رویاها»",2026-01-27 00:00:00.000 +0330
45,طراح و توسعه دهنده,«بعد مدت ها بی پولی و افسردگی بخاطر یه سری مسائل دست و پا شکسته و آروم آروم موفق شدم یه پروژه خیلی مهم رو تموم کنم اما به محض اینکه زمان تحویل پروژه رسید اینترنت ایران قطع شد»,2026-01-27 00:00:00.000 +0330
46,دانشجوی کامپیوتر,"«من دانشجو هستم و فکر میکنم اکثر دانشجو ها شبیه من باشن، اکثر فایل های جزوات و ویدیو های اساتید و دوره هایی که خریدم و حتی گواهینامه ها و لایسنس های داخلی و خارجی و بخشی از مدارکم همشون یا توی سیو مسیج تلگرامم هست یا تو سرویس های ابری‌یی مثل  آی‌کلود و اینجور چیزا.
به لطف قطعی اینترنت نه تنها من تمام چیزایی که بالا نام بردم رو از دست دادم بلکه بخاطر قطع بودن تلگرامم(من حتی اینستا هم ندارم چه برسه اپ های‌ایرانی) ددلاین پروژم رد شد و قراره تا عید با 410 هزار تومن سر کنم»",2026-01-27 00:00:00.000 +0330
47,فروشنده,«چه روزهایی که پای ثبت محصولات و سئو وقت گذاشتم با انگیزه ی اینکه صبح گوگل کرولش میکنه و درهای جدید رشد وترقی باز میشه تو زندگیم چه سال های قبلش که زندگی رو به پای این تخصص گذاشتم و حالا متحیر از این تصمیمات اجباری غلط زندگی تموم نمیشه ها ولی انگیزه ها میمیرن چون اینجا زیرساختی وجود نداره برای دوباره قد کشیدن»,2026-01-27 00:00:00.000 +0330
48,نامشخص,«ما یک تیم ۲۰ نفره هستیم. بعد از قطع اینترنت زندگی ۲۰ خانواده از هم پاشید واقعا آواره شدیم ۱ بهمن چند تا از بچه ها چک داشتن که هیچ کدوم پاس نشد و این افراد درگیر دادگاه شدن.»,2026-01-27 00:00:00.000 +0330
49,نماینده فروش خدمات اینترنت,«بیمار خاصم تنها زندگی میکنم، یه وام از بهزیستی گرفتم و به عنوان نماینده یکی از اپراتورها سرویس اینترنت واگذار میکردم،دو هفته اخیر کلا 330 هزار تومن درآمد داشتم،دارو؟ درمان؟ خورد و خوراک؟ ما شوخی هستیم!»,2026-01-26 00:00:00.000 +0330
50,نامشخص,«من از سال ۷۴ و در سن ۱۵ سالگی وارد دنیای کامپیوتر شدم؛ از ابتدای شروع اینترنت در ایران که موجودیتی شبیه به تل‌تکست بود با این اینترنت بزرگ شدم. سالها تلاش کردم تا به کسب و کار موفقی در این زمینه دست پیدا کنم. در اوج رشد در سال ۹۸ وقتی که شرکتی متشکل از ده متخصص در یک شهر کوچک داشتم، اینترنت قطع شد و اتفاقهای بعد از آبان ۹۸ به صورت مشهودی ما رو به ورطه‌ی نابودی برد. از همونجا ترمزم رو کشیدم و دیگه هیچ حسابی روی این اینترنت باز نکردم و در تصمیمی درست، از کسب و کارم بیرون اومدم.»,2026-01-26 00:00:00.000 +0330
51,صاحب کسب و کار اینترنتی,«من مادری هستم چهل ساله و از [نام] پیام میزارم. پنج ساله از همسرم جدا شدم و با دختر هفت سالم زندگیم میکنم. بعد از هفت سال کلاس و دوره و سختی و زحمت پیج اینستاگرام برای فروش کارای خیاطی و صنایع دستی درست کردم که خرج زندگی خودم و دخترم رو بتونم بدم. الان هیچ منبع درآمدی ندارم  و قسط وامم جریمه خورده و اجاره صاحبخونه رو ندارم بدم . اگر دم از دین زده میشه به من جواب بدن یک مادر تنها تو این شرایط چطور باید پول در بیاره؟»,2026-01-25 00:00:00.000 +0330
52,دانشجو,«یه دانشجوی ترم آخرم تا آخر بهمن فرصت داشتم که یه پروژه تحویل بدم که اخیرا فقط استارتشو زده بودم و مراحل اصلیش مونده بود و اگه پدوژمو به استاد ارائه ندم نمره ای ثبت نمیشه از استرسش دیگه شبا خوابم‌نمیبره تو این دوهفته میتونستم بنویسم و تحویل بدم اما...😔»,2026-01-25 00:00:00.000 +0330
53,دانشجو,«من یک دانشجوی پزشکی سال آخر هستم که یک ساله برای شرکت در آزمون رزیدنتی درس میخونم. با وجود قطعی تلگرام و یوتیوب عملا تمام منابع درسی من غیر قابل دسترسی است. با وضعیت کنونی کشور خیلی مردد شدم که آیا اینجا هنوز هم جای موندنه و آیا ادامه تحصیل در چنین مملکتی درسته یا نه.»,2026-01-25 00:00:00.000 +0330
54,دانش آموز,"«بنده نه آنلاین شاپ دارم نه مثل شما ها ضرر مالی آنچنانی به بنده وارد شده و دارم به عنوان یک شهروند می‌نویسم 
اینکه هر چیزی توی این کشور گرونه مارو کشونده به اینکه اوقات فراغتمون رو بشینیم پای گیم و حتی برای مقدار کمی هم شده از دنیای تلخ واقعی دور شیم و خودمون رو در شادی بازی ها غرق کنیم 
تنها چیزی که میتونیم حالا خودمون رو درش غرق کنیم خاطرات خوش گذشته هستش که هیچوقت به لطف شما ها برنمیگرده»",2026-01-25 00:00:00.000 +0330
55,مهندس نرم افزار,«با وجود همه محدودیت های داخلی و خارجی، با دهه ها خون دل تونستیم با شرکتهای خارجی همکاری کنیم. در همه این مراحل نه تنها کمکی از مسئولین نبود بلکه مدام سنگ جلوی پای ما انداختن. از فیلترینگ تا لیست سیاه و تحریم و حساب ترکیه و اینترنت داغون وهزار بدبختی شرم آور. با قطع ارتباط مالی و حالا قطع اینترنت تن به مهاجرت اجباری و غربت دادن به تنها گزینه امثال من تبدیل شده. آیا من و امنیت شغلی و آینده من برای این کشور به اندازه پشه اهمیت نداره؟ آیا برای حقوق اولیه انسانی باید التماس کنیم؟»,2026-01-25 00:00:00.000 +0330
56,طراح,«من طراح و ویدیو کریتور هستم و کارفرماهام خارج از ایران هستن دو هفته است با ملی شدن اینترنت بیکارم کردین»,2026-01-25 00:00:00.000 +0330
57,آزاد,«من صاحب کسب و کار بودم و چندین نفر غیر مستقیم از کار من سفرشون تامین میشد . بخاطر این مشکلات از اول متوجه شدم که نباید توی این مملکت کسب و کار داشته باشم چون مملکت دلالی و آقازاده‌ها هستش . دارم کارم رو جمع میکنم ، میخواستم بگم زحمت سالهایی که کشیدم رو نمیبخشم من رو نا امید کردید . من حتی عضو اتحادیه کسب و کار های مجازی بودم اما احساس حقارت میکنم که پونزده میلیون پول مفت دادم به این اتحادیه که فقط بخورن و بخوابن . در هر مملکتی غیر از ایران استارتاپ و کسب و کار رو روی چشماشون»,2026-01-25 00:00:00.000 +0330
58,دانشجو,«بدبدختم کردید، یه مهندس عمرانم که برای یادگیری نقشه کشی نیاز به اینترنت بین‌الملل دارم و الان سه هفتس هیچکاری نمی‌تونم بکنم»,2026-01-25 00:00:00.000 +0330
59,صاحب کسب و کار نوپا,«من تازه داشتم وارد کسب و کاری میدشم که میتونست زندگیمو متحول کنه ولی الان با قطع اینترنت وضعیت اعصابم متحول شده پس کی میخواید اینترنتو وصل کنید هر لحظه ش برای ما ضرر بزرگیه»,2026-01-25 00:00:00.000 +0330
60,دانشجو,«من یک دانشجو مهندسی کامپیوتر هستم و الان پروژه ام رو هواست و هر روز به ددلاینش نزدیک و نزدیک تر میشم...»,2026-01-25 00:00:00.000 +0330
61,پژوهشگر,«من به صورت ریموت برای آزمایشگاه طبی نتیجه تست ژنتیک بیمارها و زوج‌هایی که می‌خواهند بچه‌دار بشوند و سلامت جنین را آنالیز می‌کنم. تمام دیتابانک‌ها و مدل‌های پیش‌بینی اثر جهش‌های ژنتیکی نه تنها آنلاین هستند بلکه بعضا روی آی‌دی ایران بسته اند و ما مجبوریم به استفاده از فیلترشکن‌. درامد من قطع شده. با یک ماه از گشنگی نمی‌میریم ولی مردم نگران منتظر جواب اند روش‌های آفلاین دقت و صحت کمتری دارند. اشتباه کردم به موقع مهاجرت نکردم فکر کردم بعد برجام اوضاع بهتر می‌شه.»,2026-01-25 00:00:00.000 +0330
62,نامشخص,«دوستم یه خانم روانشناسه از خارج از ایران کلی مراجع آنلاین داشت الان یه ماهه که اصلی ترین منبع درامدش قطع شده واقعن نمی دونم چطور با یه بچه و اجاره خونه زندگی را می‌گذرونه. چند روز پیش گفت یه تیکه طلا فروخته. تا عید درست نشه باید دنبال یه خونه ارزون تر خارج تهران بگرده.»,2026-01-25 00:00:00.000 +0330
63,نامشخص,"«من یه مادر بیمار دارم که اختلال حواس دارند و با واکر راه می‌روند. تو خونه چند تا دوربین گذاشته ام و  می‌تونستم وقتی به ناچار چند ساعت از خونه می‌رم بیرون هر لحظه آنلاین با اپ برند سازنده دوربین‌ها  که به تشخیص حکومت الان فیلتره ببینم شون و خیال‌م راحت باشه. 
زندگی ما سخت بود با قطع اینترنت همه جوره سخت‌تر شده‌. آرامش روان مون برای کسی مهم نیست‌.»",2026-01-25 00:00:00.000 +0330
64,برنامه نویس,«با بودجه ۶۵ تومنی با یه تیم ۲۱ نفره داشتیم روی یه پروژه مهم توی گیت هاب کار میکردیم که همه چی بخاطر قطعی اینترنت بهم خورد ، الان گیت هاب که مهم ترین ابزار یه کد نویس هست از دسترس خارجه»,2026-01-25 00:00:00.000 +0330
65,مترجم,«من یک غیر ایرانی مقیم ایران هستم که مترجمم و لیسانس هتلداری دارم. همه ی کار من با اینترنته و خانواده م هم ایران نیستن. فعلا شرایط برگشت رو ندارم. هم بیکار شدم و هم نمیتونم با خانواده م حرف بزنم. به زودی برای همیشه ازینجا میرم. ولی دلم برای کسایی که اینجا زندگی میکنن واقعا غمگینه.»,2026-01-25 00:00:00.000 +0330
66,پزشک,«میدونم اصلا براتون مهم نیست و سنگدل تر از این حرفایید اما پدر من پزشکه و یه عالمه بیمار از شهرستان داره. منتها برای اینکه لازم نباشه مریض ها دو و سه باره مراجعه کنند همیشه میگفت آزمایش هاتون رو برام بفرستید و من جوابش رو بهتون میگم.با قطعی نت دیگه همچین امکانی نیست و مریض بیچاره با حال بدش باید از شهرستان بیاد و خودشو برسونه به مطب‌ تازه خیلی وقت ها امکان نوشتن نسخه و ثبت اون در سیستم هم نیست.»,2026-01-25 00:00:00.000 +0330
67,تعمیرات موبایل,«این چه زندگیه برای ما ساختید من برای تعمیر بعضی مشکلات به نقشه برد گوشی ها نیاز دارم با این وضع اینترنت هیچ چیزی بالا نمیاد مشتری ها منتظر اینن که گوشیشون درست شه»,2026-01-25 00:00:00.000 +0330
68,پزشک,«من یه پزشکم و با نبودن اینترنت سرچ راجعبه سوالات پزشکیم همه اش با مشکل روبه رو شده . چون منابع فارسی قابل اعتماد نیستن.»,2026-01-24 00:00:00.000 +0330
69,دانش آموز ,"«من از همون اول به ایران امیدی نداشتم و ندارم، در تلاش بودم با یادگیری زبان و مهارت مسیری شانسی برای خروج از اینجا باز کنم و دچار فشار روانی زیادی شدم.
وقتم خیلی کمه، هیچ پایه قوی ای ندارم
نگران ایندمم نگران اینم اگه ایران بمونم باید 2سال به کشوری که باعث فرسایشم شد خدمت کنم؟
۱۷روزه نه دسترسی به محتوای اموزشی نه سرگرمی برای گذروندن وقت.
ایران می‌تونست خیلی بهتر از این حرفا باشه
ما لیاقتمون این نبود
حتا اگرم مهاجرت کردم هیچ وقت با دیدن رنج هم وطنام به خوشبختی واقعی نمی‌رسم»",2026-01-24 00:00:00.000 +0330
70,دانشجو,«سلام من یک برنامه نویسم ، الان که دارم این پیامو مینویسم گریه ام گرفته و ۱۶ روزه به اینترنت بین الملل دسترسی ندارم ، با بودجه کم و بدبختی تونستم یک وبسایت فروش اکانت هایی مثل Ai بزنم که درامدم داشت خوب میشد و کاسبیم داشت رشد میکرد اما شما همه چیزمو ازم گرفتید و حس میکنم افسرده شدم حتی از خونه بیرون نمیرم.»,2026-01-24 00:00:00.000 +0330
71,فروشنده اکانت بازی,«من اکانت گیمینگ میسازم یا برپا میکنم و پول میگیرم اما به دلیل قطعی اینترنت از کار افتاده ام و بسیار ضرر دیده ام و بازگشتی برای پول از دست رفته و ایونت های تمام شده ای که باید برای اکانت ها میفتم نیست و باید پول مشتری رو پس بدم و زندگیم از اب و نون میفته.»,2026-01-24 00:00:00.000 +0330
72,برنامه نویس,«ما با کلی زحمت یک تیم تقریبا 15 20 نفره رو نگه داشتیم و همه چیز خوب بود تا این که اینترنت قطع شد متاسفانه هیچ راهی نداشتم هم خودم در معاش عادی خودم و خانوادم موندم هم 20 نفر مجبور شدم ترک کار بزنم . با این کار خشم مردم بیشتر کردید من جمله خودم من و دیگه هیچ اعتنایی به دین و مذهب شما ندارم و نخواهم داشت»,2026-01-24 00:00:00.000 +0330
73,دانشجو و تکنسین تلفن هوشمند,«سلام دانشجوی فناوری اطلاعات IT هستم ، غروب هجدهم دی سال ۱۴۰۴ ، سیستم ارتقا دادم و با رمز ارز لایسنس یک نرم افزار کاربردی به قیمت صد دلار را تهیه کردم تا شروع به کار نرم افزار ، فلش ، اپدیت و... تلفن هوشمند آغاز به کار کنم و از آن روز تا الآن ساعت ۲۲:۲۲ شب شنبه ۴ بهمن هیچ کاری ، عملا هیچ کاری برای اتصال به سرور جهانی و انجام امور را نمی توانم انجام دهم و شدیدا افسرده و سرخرده ام و فکر کنم اگر به جای فناوری راه دیگری میرفتم یا کلا از وطنم میرفتم اوضاع این طور نمیشدش.»,2026-01-24 00:00:00.000 +0330
74,مدیر آژانس گردشگری,«مدیر یک آژانس گردشگری هستم، حدود شش سال فعالیت دارم تو این حوزه. سه کارمند دارم با اکراه و از روی اجبار همه رو فرستادم مرخصی بدون حقوق و ترک کارشون رو زدم تو لیست بیمه ... چون هیچ پولی ندارم تا بتونم حقوق و حق بیمه بدم. بعد از سی و هشت سال زندگی آبرومندانه  دیروز برای اولین بار چکم برگشت خورد و تهدیدا و بد و بیراه های طلبکار... فشار شدیدی روی من هست...»,2026-01-24 00:00:00.000 +0330
75,آهنگساز,"«من یک آهنگساز هستم. بعد از مدت ها جمع کردن نمونه کار و وقت گذاشتن برای یادگیری تئوری موسیقی، مسئولیت کار روی یک عنوان ایندی و خارجی به من واگذار شد.
و الان حدودا پنج روز از ددلاین ارسال و آپدیت پروژه نهایی میگذره»",2026-01-24 00:00:00.000 +0330
76,مشاور کسب و کار های اینترنتی,«من مشاور کسب و کارهای اینترنتی‌ام و درآمدم از این طریق تامین می‌شد که بعد از تعطیلی نت عملا کارم رو از دست دادم و هرروز افسرده‌تر از دیروز»,2026-01-24 00:00:00.000 +0330
77,تریدر,«بنده نزدیک ۵ سال میشه که خرج زندگیمو از معاملات در بازار رمزارز ها بدست میارم و الان کرایه خونه و قسط وام که بماند تو خرج روزانه خودم موندم و هیچ گونه دسترسی به سرمایه ام ندارم،بخدا فقط تعهدی که به همسرم دارم باعث شده بمونم،و گرنه اینقد فشار روم هست که میخام تو اولین فرصت برم یه کشور دیگه بلکه یه نفس راحت بکشم و حتی اگر از صفر هم شروع کنم حداقل میدونم که آینده ای خواهم داشت»,2026-01-24 00:00:00.000 +0330
78,گیمر,«من یه گیمر هستم که به طور معمول باید ایونت های بازی رو هر هفته انجام بدم و روزانه وارد بازی بشم و به اصطلاح لاگین کنم اما واقعا این وضعیت اینترنت ما گیمر ها رو از بقیه بازیکنان کشور های دیگه خیلی عقب میندازه و تمام سعی و تلاش هامون که برای رسیدن به بازیکنانی خارجی که با اون وضعیت اینترنتی که قبلاً داشتیم و با اون پینگ های بالا یجورایی از بین بره»,2026-01-24 00:00:00.000 +0330
79,کارمند,«من یه کارمند معمولی ام. نه مثل بعضیا ارز دیجیتال بلدم نه گیمرم.. تنها دلخوشیم چهارتا سایت بود اونم شاید تو روز یه ربع وقتمو می‌گرفت و چهارتا کلیپ اینستا.. اونم باید قیدشو بزنم و کاملا افسرده شدم. امیدی به زندگی نیست»,2026-01-24 00:00:00.000 +0330
80,صاحب کسب‌ و کار,"«بعد از ١٨ سال و خستگى از غربت تصميم گرفتم برگردم به كشورم تا كار كنم و براى هم وطنام ايجاد كار كنم. اما با قطع اينترنت خودم هم كارم رو دارم از دست ميدم و با وجود اين هنوز نميتونم خودمو راضى به مهاجرت دوباره بكنم.
زندگى همه به نحوى با اينترنت بين الملل گره خورده، خواهش ميكنم با اتصال اينترنت نور و اميد رو به زندگى ما برگردونين.»",2026-01-24 00:00:00.000 +0330
81,"برنامه نویس ,  دانشجو","«با سلام 
بنده  برنامه نویس هستم 
و هم دانشجو 
من الان نمیتونم نه جزوات دانشگاه را بردارم چرا که همه در تلگرام هست گروه های درسی و …

و نه اینکه بتوانم سایتم را بالا بیارم هیچی سایتم بسته شده چندین بار پیرو این موضوع بودم هاست فرانسوی خریدم الان سایتم بالا نمیاد 

تمام مقالات درسی جزوات کتاب های حوزه کاریم و…در تلگرام و گیتهاب و…است که برام باز نمیشه 

واقعا دیگه نمی‌دونم چیکار کنم»",2026-01-24 00:00:00.000 +0330
82, دانش اموز ,"«من به عنوان یک نوجوان ۱۵ ساله،شاید نتوانم مثل کسانی که کسب و کار و شغل اینترنتی دارند یا دانشجو ها درد بکشم و انها را درک کنم.
اما تمام زندگی من به همین علامت وای فای بالا صفحه گوشی ام بسته است.من دیگر هیچ ارتباطی با دوستانم ندارم.
من در دنیای واقعی دوستی ندارم و در منطقه خود انقدر خانه نشین شده ام که کسی جز خانواده‌ام مرا نمیشناسد.
من گیر احساس فرسودگی افتاده بودم و درمانم اینترنت بود جایی که حداقل کسانی را داشتم یا داستان هایی که از سایت های مختلف میخواندم اما حالا فقط پوچی»",2026-01-24 00:00:00.000 +0330
83,تریدر,«من یه تریدرم ، حدود ۴ سال برای کارم زحمت کشیدم و وقت صرف کردم و حدود ۴ ماهه که به سود دهی رسیدم اما الان دیگه نمیتونم برداشت کنم کل پولم اونجاست و کلی خرج که دارم»,2026-01-24 00:00:00.000 +0330
84,دانشجو,"«من گیمر هستم و از طریق ان دخل و خرج هفته ای و ماهانه و همچنین شهریه دانشگاه را تنظیم میکردم
اما الان ترم جدید رو نمیتونم ثبت نام کنم 
پولی ندارم پدرم درگیر مشکلات خودش هست و نمیتونم ازش پول بگیرم.سخته این شرایط و لعنت بر باعث و بانیش 
خیلی سختمه خیلی نمیدونم اینده ام چطور میشه اصلا با این وضع توان ادامه دادن دارم؟دیگه چقدر فشار باید روی یه نفر باشه؟»",2026-01-24 00:00:00.000 +0330
85,گیمر,"«سلام 
من از طریق بازی های رایانه ای داشتم کسب درامد میکردم وزندگی ام را می چرخاندم اما حالا هیچ چیزی ندارم.فقط میتونم بگم افسوس.......»",2026-01-24 00:00:00.000 +0330
86,فعال در حوزه بازار مالی,«سلام یه جوون ۲۷ سالم،تقریبا ۴ سال اخر زندگیمو صرف فعالیت در حوزه بازارهای مالی کرده بودم(فارکس)با یه عالمه ضرر در طول این مدت ک بابت تجربه دادم چند ماه اخر فعالیتم کم کم ب دوران سوددهی رسیده بودم و گفتیم سال جدید میلادی ب امید خدا یه حرکتی میزنیم ک کلا حتی نمیشه نگاشم کرد چ برسه ب یه نت پایدار که یه لازمه ی این کاره .همه ی تفریحم پشت همون سیستم یه گیم انلاین بود که همزمان دوتاشو ندارم من موندمو یه سیستم که گوشه ی اتاقمه بعضی وقتا یه نگا به اون میندازمو یه نگا به آیندم...»,2026-01-24 00:00:00.000 +0330
87,دانش آموز,«بنده یه دانش آموز کنکوری هستم. هیچ تفریح خاصی ندارم و پاداش برای درس خوندنم هم گشتن داخل پلتفرم هایی مثل یوتیوب و پینترست بود. کل درس خوندن من داخل تلگرام جریان داشت از جزوه بگیر تا کتاب و ویس های انگیزشی و پادکست تا به خودم بیام و درس بخونم. از روش های قدیمی درس خوندن خسته شده بودم و به زندگی دیجیتال رو اوردم و جواب هم داد کلی تو نمراتم پیشترفت کردم ولی الان چی؟ فقط یه دانش اموز کنکوری افسردم.این فقط درباره من دانش اموز هست بقیه کسانی که از نت پول زندگیشون رو جور میکردند چه؟»,2026-01-24 00:00:00.000 +0330
88,معلم,"«سلام 
من معلم هستم و برای ادامه تحصیل، نیاز به خوندن جزواتی دارم ک در حساب کاربری تلگرامم ذخیره کردم. با توجه به قطعی اینترنت دسترسی به اون مطالب قطع شده و امکان درس خوندن ندارم.»",2026-01-24 00:00:00.000 +0330
89,تریدر ,"«من تریدر بازار جهانی فارکس هستم
برای این شغل 5 سال زحمت کشیدم 
شب و روز بیدار بودم بدون درامد بودم
 از خیلی چیزها گذشتم 
از تفریح دوستانم و حتی خودم تا به مرحله ای برسم که بتونم بخشی از ارزوهام و خرج هامو جبران کنم
ولی دقیقا موقع رسیدن به مرحله ایده شغلی ام  اینترنت قطع شد 
و قعطی اینترنت یعنی سوزندن بزرگترین سرمایه من یعنی زمان من هست»",2026-01-24 00:00:00.000 +0330
90,مدرس,"«من مدرس هوش مصنوعی و ادمینی و تولید محتوا هستم .
مولف ۷ کتاب دارای مجوز از ارشاد . 
با این شرایط اینترنت ، تمامی کلاس هام فعلا تشکیل نمیشن و درآمدی ندارم که هیچ حتی اجاره هم باید از جیپ بپردازم و حتی اسفند قرارداد دفتر تمامه و دو برابر کردن اجاره رو. این روزها هم واقعا به سختی میتونم روی سایت خودم کار کنم که حداقل ذهنم درگیر باشد. 
مجوز کانون تبلیغات دارم ولی با این شرایط اصلا نمیشه کار کرد

خیلی دلم میخواد دیگه با همسرم مهاجرت کنیم . ۲۰ سال سابقه کار دارم ولی واقعا هیچی»",2026-01-24 00:00:00.000 +0330
91,دیجیتال مارکتر,"«من اعتراض دارم به عنوان مدیر پلتفرم دیجیتال مارکتینگ
از این وضعیت معده درد عصبی گرفتم پلک یه چشمم همش تیک میزنه دائم دارم به این و اون می پرم دارم به مهاجرت فک میکنم به زور که نمیشه به ارتقا سطح تکنولوژی کشور خدمت کرد میشه؟
تکلیف ما رو روشن کنن یا بگن شغل این دسته افراد تعطیل و بیزینس مجازی حرامه ما هم بریم نونوایی یا بقالی بزنیم.
تو این ۲ هفته چقدر ضرر زدیم خدا می‌دونه تازه داشت بعد جنگ تیرماه کم کم رونق می‌گرفت. از پا درآوردین مارو تو رو خدا ولمون کنین بسه»",2026-01-24 00:00:00.000 +0330
92,برنامه نویس,«با سلام من 20 سال برنامه نویس بودم و با خارج از کشور کار میکردم  ما یک خانواده هستیم و فکر میکنم امسال من زیادن که کل خانواده ما به فقر و زیر خط فقط دچار شده و در نان شب موندیم  تمام قسط ها و چک ها مانده و یا داره برگشت میخوره»,2026-01-24 00:00:00.000 +0330
93,روانشناس، دانشجو,«من یک روانشناس و دانشجوی ارشد هستم. برای پایان نامه ام نیاز به مقاله دارم. برای کارم نیاز به ارتباط دارم. نمیتونم مراجعینم رو انلاین ببینم . همه زندگیم متوقف شده. اینستاگرامی که کلی براش زحمت کشیدم دود شد و رفت هوا.»,2026-01-24 00:00:00.000 +0330
94,تریدر,«من تریدر هستم.بازار فارکس و کل پولم الان توی بروکر هست نمیتونم برداشت بزنم که خرج زندگیم رو بدم خو این چه وضعیتی هست»,2026-01-24 00:00:00.000 +0330
95,تریدر,«من کارم ترید هست . تمام دارایی من کریپتو بوده و هست . ریال به اندازه ی کافی ندارم ، باید خونه ام رو جا به جا کنم مهلتم رو به اتمام هست چه خاکی باید به سرم کنم ای خدا.... بابا یه روز امتحانی باز کنید زن و بچم گشنگی نکشن ... ای خدا....»,2026-01-24 00:00:00.000 +0330
96,فروشنده,«هر چی بنوسید چه ی خط چه ی کتاب،واسه هیچ کدوم از وزرا مهم نیست، من کسبو کار اینترنتی دارم تا الان ۳تا از چکام برگشت خورده،دیگه چیزی برای از دست دادن ندارم،»,2026-01-24 00:00:00.000 +0330
97,کارآفرین,«من یه کسب‌وکار آنلاین دارم که داره به ده نفر حقوق میده. تو قطعی اینترنت دوران جنگ عملاً شکست خوردیم و با فروش ماشینم و قرض حقوق تیم رو دادم. اواخر پاییز بود که بالاخره از ضرر در اومدیم و قرض‌ها رو صاف کردم و داشتیم دوباره سرپا می‌شدیم که دوباره اینترنت قطع شد. این بار شدیدتر و طولانی‌تر. این بار دیگه سرپا نمی‌شیم. حتی ماشینی هم ندارم که بفروشم و تیم رو یک ماه هم شده نگه دارم. یه کسب‌وکار به همین راحتی از بین رفت و ده خانواده از این ماه دیگه درآمدی ندارن.»,2026-01-24 00:00:00.000 +0330
98,متخصص مارکتینگ,«به لطف زندگی تو این مملکت افسردگی حاد دارم. تو شهر کوچیک زندگی میکنم و جلسه های تراپیم با گوگل میت برگزار میشه. هر موقع حالم خیلی بد میشد و به خودکشی فکر میکردم تراپیستم برام جلسه فوری میذاشت. دو هفته ست شب و روز افکار خودکشی دارم و  جلسه اضطراری که هیچی، همون جلسات عادیمو هم نتونستم داشته باشم...»,2026-01-24 00:00:00.000 +0330
99," بیکار , مدیر","«شب و روز کار کردیم، تیم شدیم، چند نفر جوون کنار هم رشد کردیم
من مدیر گروه بودم در تلگرام و اینستاگرام فعالیت داشتیم. تازه داشتیم نتیجه زحماتمون رو میگرفتیم اما همه چیز یه شبه از بین رفت. سالها تلاش و کلی امید یه شب هیچ شد. 
نه دستمون به کار دیگه‌ای میره نه دلمون راضی میشه. یک گوشه اتاق افتادم کار نمیتونم بکنم 
بقیه بچه‌ها از من بدتر 
همه سردرگمیم
با این کار به بیکاری جامعه بیکاری اضافه کردید 
باعث افسردگی و نابودی نسل جوون شدید.
حیف اون همه تلاش‌ حیف دل سادمون حیف جوون هامون»",2026-01-24 00:00:00.000 +0330
100,دانش آموز,"«دوران کنکورمه و خب برای اینکه توش موفق بشم از تو اینترنت جزوه و کتاب دانلود میکنم بعلت گرونی کتابا که گاهی بعضیاشون به میلیونی هم میرسن من وابسته به تلگرامم
۱۵ روزه اینترنتو قطع کردن ، دستم به جایی بند نیست ، کتابی ندارم باهاش درس بخونم ، آیندم رو هواست. زمانی برام نمونده....»",2026-01-24 00:00:00.000 +0330
101,گیمر,«حدود 5 ساله گیمر حرفه ای ام و از این راه درآمد دارم یه اب باریکه هست که میاد و میره ولی حدود 16 روزه  با کلی قسط و بدهی کلا بیکار شدم.»,2026-01-24 00:00:00.000 +0330
102,"دانشجو , ادیتور",«طراح و ادیتورم بعد کلی هزینه و دوره دیدن بعداز ۳سال تازه این ماه ۲تا پروژه خفن بسته بودم:)به هفتمین روز کارم که رسیدم همه چی خراب شد،الان منمو کلی قسط وکلی رویا و جیب خالی🙂»,2026-01-24 00:00:00.000 +0330
103,نامشخص,«من یه بیمار اعصاب و روان هستم و طبیعتا زندگیم بخاطر افسردگی به اینترنت متصل بود تنها سرگرمیم فیلم میدیدم الان دو هفته شده که دارم به دیوار نگاه میکنم و دوز دارو هام هم رفته بالا تا مرز بستری رفتم اولین حقوق شهروندی رو نداریم بعد مسئولین سیم کارت سفید دارن»,2026-01-24 00:00:00.000 +0330
104,تریدر,«من کارمند وزارت ارشاد بودم در سال [سال] خودم روباز خریدکردم به دلیل فشارهای  روانی که سرکار با اون مواجه بودم و بدرفتاری های که درحال شکل گیری بود در اون زمان. به بازارهای جهانی روی اوردم وشروع به کار در ارز دیجیتال کردمو زندگی خودمو می گذروندم باتمام مشکلاتی که وجود داشت ولی وقتی اینترنت قطع کردن به دلیل اینکه معامله باز داشتم دقیقا یک ساعت قبل از قطع کل اینترنت تمام سرمایم رودر عرض یک ساعت نابود شد سه روز با گریه فقط به فکرخودکشی بودم اماهمش دخترم میومدجلوی چشمم یه شبه به خاک نشستم»,2026-01-24 00:00:00.000 +0330
105,نامشخص,«حرفی برای گفتن نیست ، نابود شدم...»,2026-01-24 00:00:00.000 +0330
106,دانشجو و کارشناس فنی,«مقاله‌ای که براش یک سال زحمت کشیدم و با کلی آرزو می‌خواستم بفرستم تا شرایط علمی و پزشکی کشور خودمون بهتر بشه رو حتی نتونستم ارسال کنم و زمانش گذشت...»,2026-01-24 00:00:00.000 +0330
107,دانشجو,«ده میلیون پول دوره روانشناسی دادم همه‌ی وویس‌هاش تو تلگرامه ، بجز این هرچی آموزشی دارم هم تو تلگرامه ...و همینجوری به آزمون ارشد هم نزدیک میشیم»,2026-01-24 00:00:00.000 +0330
108,صاحب کسب و کار اینترنتی,«سلام و عرض ادب. قطعی اینترنت و عدم دسترسی به سایت‌هایی مانند nuget و عدم دسترسی به کتابخانه ها، خیلی کار رو سخت کرده و عملا کاری جز صبوری نمی توان کرد. 2 هفته گذشت ولی انگار 2 سال گذشت...»,2026-01-23 00:00:00.000 +0330
109,تریدر ارز های دیجیتال,«من یه تریدرم هیچ شغل دیگه ای ندارم کله پولام تو صرافی های خارجیه :) الان دسترسی به هیچی ندارم دارم روزی ۱۰ هزار تومن خرج میکنم نمیدونم اقایون کی میخوان ضعف های خودشون و امنیت خودشون و به مردم ترجیح بدن اما واقعا خجالت اوره این شرایط»,2026-01-23 00:00:00.000 +0330
110,معامله گر بازار مالی,«کل امید و آرزوم اول خداست بعد کاری که دارم تو حوضه معامله گری انجام میدم بخاطر قطعی اینترنت کارم فلج شده اگر واقعا مردمی هستین اگر واقعا حرفتون حرف امام اولمون علی (ع) یکبار هم شده برای مردم کاری بکنین و انقدر کسایی تو این کشور زندگی میکنن رو زجر ندین»,2026-01-23 00:00:00.000 +0330
111,دانش آموز,"«پدرم و مادرم بازنشسته اند. ماهی 45 میل روی هم د میارن!
9 ماه بی خوابی کشیدم، زجر کشیدم، مردم و زنده شدن تا یه کانال یوتیوب رو با ویوی عالی و پتانسیل درآمدی فوق العاده بالا بیارم بالا.. به محض اینکه به جاهای حساسش رسیدم و نیاز به آپلود زیاد و کسب درآمد داشتم، گند خورد توش..
مسئولین عزیز، این رسمش نیست.. شما اقوامتون راحت با پول نفت به همه جا میرسن. بزارین حداقل ما تلاش کنیم و برسیم..
حق تلاش کردن رو دیگه ازمون نگیرین..»",2026-01-23 00:00:00.000 +0330
112,صاحب کسب و کار اینترنتی,"«۷ سال برای اینکه بتونم یه کسب و کار راه بندازم تلاش کردم
۷ سال از زندگی من شاید برای کسی ارزشی نداشته باشه ولی برای خودم خیلیه
دقیقا سه روز قبل اینکه اینترنت قطع بشه بالاخره اتفاقای خوبی داشت میفتاد
که اینترنت قطع شد
عب نداره تا الان چیزی نگفتم از این به بعدم نمیگم
ولی ماهم خدایی داریم اون دنیایی هم
هست.»",2026-01-23 00:00:00.000 +0330
113,دانشجو ، شاغل,"«دانشجو هستم تحصیلات تکمیلی هستم.
مقاله ISI م داوریش اومده بود و باید تا امروز یعنی جمعه ۳ بهمن مقاله رو مجددا سابمیت می کردم. کسب و کار اینترنتی داشتم و خودمو برای کنکور دکتری آماده می کردم. کل زندگیم رفت رو هوا ، مقاله ای که واسه قبولی دکتری نیاز داشتم ، پایان نامه ای که نصفه مونده و باید تا اسفند دفاع کنم ، درامدی که از بین رفت و ... چی بگم دیگه زندگیم رفت.»",2026-01-23 00:00:00.000 +0330
114,کتابفروش,«من همیشه متهم بودم به اعتیاد به گوشی و تلگرام. اینقدر عاشق تلگرام بودم، بارها ازش نوشتم، اینکه‌ مثل یک شهر بزرگه که همه چی داره. توی یک سال اخیر هرچی یوتیوب و تلگرام دیدم ثبت کردم، گزارش هوش مصنوعی رو هم سال نو میلادی گرفتم. حالا من از همه آروم‌تر و ساکت‌ترم، کلی چیزمیزی از قبل دانلود کرده بودم رو دوباره دیدم، همه می‌دونستیم اینطوری میشه. حالا قدر تک تک کانال‌هایی دنبال می‌کردم رو بیشتر می‌دونم و خوشحالم که یک سال خودمو غرق یوتیوب و تلگرام کردم. ۴۸۰ کلمه اصلا کافی نیست.»,2026-01-23 00:00:00.000 +0330
115,برنامه‌نویس,"«کاش اشتباه نمیکردم و مثل بقیه هم‌کلاسی‌های دانشگاه مهاجرت میکردم.
الان اونا بهترین زندگی رو دارن ولی من حتّی حداقلی‌ترین امکانات زندگی انسانی رو هم به سختی میتونم فراهم کنم.
قبل قطعی اینترنت هم ایران یه جهنم بود، الانم همونه.
کاش زود بمیریم خلاص بشیم.»",2026-01-23 00:00:00.000 +0330
116,دانشجو,«و به عنوان یه دانشجو که به زور هزینه ی تحصیلش رو جور میکرد ترک تحصیل کردم ممنونم از مسئولین این کشور که تمام روزنه های امیدم رو بستند و مرا به فکر خودکشی انداختند.»,2026-01-23 00:00:00.000 +0330
117,دانشجو,"«تمام کارها درهم و برهم شده؛ به خاطر قطعی اینترنت به منابع آموزشی انگلیسی زبان برای برنامه‌نویسی دسترسی نداریم، جزوه‌ها و کلا تمام منابع اصلی‌مون در پلتفرم‌هایی مثل تلگرام یا گوگل درایو هستند و دسترسی بهشون قطع شده و جالبی ماجرا اینه که استاد نتونست توی ایتا بفرسته چون مزخرفه و پیام عادی هم نمیشه داخلش به راحتی داد.
پروژه‌های تمرینی برنامه‌نویسی‌مون که باید برای پایانترم انجام می‌دادیم به طور کامل ملغی شده چون دسترسی به منابع نداریم.»",2026-01-23 00:00:00.000 +0330
118,"مدرس , صاحب کسب و کار اینترنتی",«از سال 94 بطور اتفاقی تدریس را داخل تلگرام شروع کردم، رفته رفته کانال تلگرامم رشد کرد و به 100K دنبال کننده رسید. یک تیم آموزشی جمع کردیم. رفته رفته داشتیم تغییرات خوبی در زندگی هامون ایجاد میکردیم که یکباره اینترنت قطع شد ! در این مدت همه ی این تیم خانه نشین شدیم. واقعا ما چه گناهی کردیم وقتی خودمان برای خودمان کسب و کار ایجاد میکنیم اما حکومت براحتی آن را از ما میگیرد درحالیکه خودش قادر به ایجاد کسب و کار نیست.»,2026-01-23 00:00:00.000 +0330
119,تریدر بازار مالی,«تازه زندگیم رو روال افتاده بود. 15 روزه یک ریال نتونستم در بیارم. تمام پس اندازم تموم شد. سر جمع دویست هزار تومن پول تو کارتم مونده. فقط دارم فکر می‌کنم چه جوری خودم رو از این زندگی راحت کنم...»,2026-01-23 00:00:00.000 +0330
120,"تریدر , کارشناس سئو","«من شغلم کامل به اینترنت بستگی داره
دوتا کار تو زندگیم بلدم یکیش ترید کردنه یکیش سئو کردن سایت از هر دو طرف داره بهم اسیب میزنه چون الان هیچ در امدی از هیچکدوم ندارم تازه هم ازدواج کردم و زندگیم رو با هزار امید و ارزو شروع کردم ولی روز به روز این اتفاقا داره باعث میشه که من نا امید تر بشم،دیگه از قسط و بقیه چیزا نگم براتون که همتون درگیرید باهاش»",2026-01-23 00:00:00.000 +0330
121,داوطلب کنکور,«من یه پشت کنکوری هستم و پارسال بعد جنگ اونجوری نتو قطع کردن امسال هم 15 روز که هنوز ادامه داره. من تو این ماجرا در میان دانش آموزان کشورم کمترین اسیب رو دیدم چون این راهو یه بار رفتم، ولی باز با این حال تمام منابع اینترنتی که استفاده می کردم (ویدیو های اموزشی، نمونه سوال، امتحانات سال های قبل قلمچی و ما، کنچور های قبل و...)نابود شدن که خداراشکر حالا گوگل باز دوباره کار افتاد. این که منم، خدا به حال و روز کنکوری های امسال برسه»,2026-01-23 00:00:00.000 +0330
122,"دانشجو , فروشنده اینترنتی , گیمر",«جزوه ها همه داخل تلگرام. شغلم وابسته به اینترنت جهانی. تفریحم گیم های آنلاین. حالا نه درس دارم. نه درآمد دارم. نه تفریح. سگ سیاه افسردگی داره برام دم تکون میده...»,2026-01-23 00:00:00.000 +0330
123,دانشجو,«من میخواستم خرج خودمو از طرق گیم در بیارم وام گرفته بخاطرش. داشتم با هزار تا بدبختی و قرض کردن دادم الان ۲۰۰ تومان تو کارتمه نمیتونم از خونه برم بیرون شاید قبلا میشد ولی الان ۱۰ میلیون تومان هم ارزشی نداره چجوری انتظار دارید بریم زندگی تشکیل بدیم چیزی برای ما باقی نگذاشتید»,2026-01-23 00:00:00.000 +0330
124,نامشخص,"«اول که بخاطر لوکیشن ایران نمیتونستم از یوتوب و تیک تاک درآمد کسب کنم
الان همون کار بی درآمد رو هم ازمون گرفتن»",2026-01-23 00:00:00.000 +0330
125,"مدیر سایت , متخصص سئو",«چندسال تلاش برای سئو و بالا آمدن سایت در نتایج جستجو گوگل با قطعی اینترنت تمام نتایج جستجو سایتم در گوگل پاک شده است و تمام زحمات به باد رفته هست و گوگل به سایت هایی که موقیعیت سرور آنها  در ایران هست دسترسی ندارد. و از اول دی تا الان هزار تومن هم نتونستم کار کنم.»,2026-01-23 00:00:00.000 +0330
126,فروشنده,«۳ هفته اس هزار تومن کار نکردم تو وضعی که روغن شده ۲ تومن سه هفته اس بیکارررررم ....... اینترنت ملی به درد هیچکس نمیخوره به تدریج پولدارا استارلینک میخرن و طبقه متوسط و فقیر همیشه میمونه رو هوا پیشرفت و دسترسی به منابع بروز برای پولدارا و بدبختی و بیکاری هم برای ما»,2026-01-23 00:00:00.000 +0330
127,گیمر,«من یک گیمرم ، البته قبل از گیمر بودن یک بیمار افسرده هستم ، بدون امید شروع به گیم زدن کردنم معیشتم وابسته به گیم شد و کم کم بیماریی که زمانی فکر میکردم هرگز خوب نمیشه با گیم درمان شد ، حالا هم پولم را از من گرفتید هم بیماری من را به یادم اوردید ، یاد اور روز های سخت درد کشیدن یاد اور صحنه های غم آلود ، البته فکر نکنم برای شما اینا مهم باشه..»,2026-01-23 00:00:00.000 +0330
128,"مدرس , مترجم , داوطلب آزمون وکالت","«من ۲۷ سالمه داوطلب آزمون وکالتم و تمامی منابع آموزشی من در تلگرامه که الان بهشون دسترسی ندارم
مدرس و مترجم زبان کره ای ام و در تلگرام کانال آموزش زبان دارم و ارتباطم با شاگردانم قطع شده دوستان کره ای منم قطعا نگرانم هستند و حالا باید جلوی اونام این مسخره بازیای قطع اینترنت رو ماست مالی و آبرو داری کنم
تمام دسترسی هام به ساده ترین چیزها مثل گوگل و ترنسلیت و جیمیل هم قطعه هیچ کاری نمیتونم بکنم رسما زندگی و درآمدم فلج شده»",2026-01-23 00:00:00.000 +0330
129,نامشخص,«دلم برای همه چیز تنگ شده: دوست صمیمیم، سرگرمی هام، آهنگام، فیلم و سریالام، کانال ها و پیجای خوبی که دنبال میکردم، وبلاگم که کلی تلاش کردم اما بالا نیومد. حتی دلتنگ لحظه هایی هستم که پیج عشق زندگیم رو نگاه میکردم و با لبخند به عکسای قشنگی که پست کرده بود، نگاه میکردم...»,2026-01-23 00:00:00.000 +0330
130,صاحب کسب و کار اینترنتی,«من و نامزدم کسب و کار آنلاین در ایران داریم . نامزدم خارج از ایرانه . مشتری هامونو از دست دادیم . نامزدم یک هفته بی‌خبر از وضع داخل کشور و من ... چنان استرسی در این مدت به هردومون وارد شد که علایم بیماری سرطان من شدت گرفت»,2026-01-23 00:00:00.000 +0330
131,نامشخص,«من یکسال تمام وقتمو گذاشتم و آموزش کار در بازار جهانیو دیدم همون ترید و تازه رسیده بودم به سود دهی که این داستان پیش اومد کار ما کلا با خارجه و نیازه به اینترنت جهانی الان کلا نا امیدم از همه چی ، بجز این ما که سرگرمی نداشتیم فضای مجازی یه سرگرمی بود برامون که اونم بسته شد و یوتویوب که فضایی بود اموزش میدیدم توش اونم تعطیل شد کلا ۱۵ روزه شدم یه ادم  افسرده که نه تنها تلاش یک سالم موند رو هوا که همه چیزم تعطیل شده»,2026-01-23 00:00:00.000 +0330
132,مهندس الکترونیک,«من همسرم خارج از ایرانه و روزهای اول قطعی اینترنت اصلا از هم خبر نداشتیم. چند روز بعد تونستم باهاش تماس بگیرم و سطح استرسی که کشیده بود از اشک هایی که به دلیل بی خبری از من میکشید مشخص بود. کارم هم که کاملا خوابیده، برنامه نویسم و عملا بدون اینترنت کاری نمیشه کرد. برای در اومدن از تنهایی هم با دوستام شب ها گیم آنلاین بازی میکردیم که اون هم نابود شد و تنهایی، ترس و استرس دو چندان»,2026-01-23 00:00:00.000 +0330
133,"دانش آموز, برنامه نویس , تولید کننده محتوا","«دانش اموز رشته شبکه و نرم افزار هستم
و البته تولید کننده محتوا داخل یوتیوب که کانال انگلیسیش بعد مدت ها داشت مانیتایز میشد
نتا قطعه نه میتونم اموزش برنامه نویسی ببینم نه میتونم چنل یوتیوبم رو چک کنم و نه بازی هست که بتونم ویدیو برا چنلم بزارم
میگن  اینترنت دست ریاست جمهوری نیست
ولی اقای پزشکیان که فقط حرف از رفع فیلتر و ازادی بیان میزنه درحال حاظر
خودش رییس شورای عالی فضای مجازی و شعام هست|
شما که نمیتونید کاری کنید
حداقل باز کنید ما یک کاری کنیم»",2026-01-23 00:00:00.000 +0330
134,نامشخص,«تنها سرگرمیام و دوستام تو فضای مجازی بودن و بازی که اونام از دست رفتن»,2026-01-23 00:00:00.000 +0330
135,تورلیدر,«من تور لیدرم و الان دقیقا وقت تبلیغ برای تورهای عید بود. احتمالا ماه‌های آینده سخت‌ترین ماه‌های زندگی من باشه. بدون اینترنتی همه چی نابود می‌شه.»,2026-01-23 00:00:00.000 +0330
136,دانشجو,«بخدا ما هیچی گرون قیمت توی خونمون نداریم و منم به عنوان دختری که نمیتونه خونوادش هزینه ی جهیزیه رو بده فقط یه آنلاین شاپ وسایل آرایشی داخل تلگرام داشتم و تنها سرگرمی من بازی دلتا فورس و کالاف بود اونجا دوستانی داشتم که باهم حرف میزدیم میگفتیم میخندیدیم هم رو درک میکردیم و حالا من نه دوستی دارم نه سرگرمی نه حال خوب. هیچ چیز منو خوشحال نمیکنه دنیام رو خراب کردید و بدهکاری انداختین سرم شما قرار بود مسئول باشید اما بی مسئولیتی شما تنها چیزیه که میبینیم و لطفا اینترنت رو وصل کنید»,2026-01-23 00:00:00.000 +0330
137,نامشخص,«تماس با خواهرم خیلی سخت شده. اون تو یه کشور دیگه نگران ماست و ما باید به سخت‌ترین شکل بهش بگیم حالمون خوبه. روحیه همه ما تو این شرایط داغون شده.»,2026-01-23 00:00:00.000 +0330
138,دانشجو,«دانشجو هستم، برای تحقیق، یادگیری دروس تخصصی بخصوص ریاضی به یوتیوب، هوش مصنوعی نیاز دارم، قطعی اینترنت ضربه سختی به روند درسیم وارد کرده، در کلاس آنلاین زبان انگلیسی هم شرکت کرده بودم که همه تکالیف، جزوه ها و برقراری کلاس ها به نت بین الملل وابسته هست، در آینده برای اپلای، ارسال مقاله و ارتباط با استاد ها نیازمند اینترنت بین الملل هستم، جدا ازینا اینترنت سرگرمی هم بود برام که همش رو نابود کردید»,2026-01-23 00:00:00.000 +0330
139,نامشخص,«حداقل سرگرمی که میتونستم داشته باشم همین بود واقعا از لحاظ روحی نابود شدم»,2026-01-23 00:00:00.000 +0330
140,دانشجو,«امتحان دانشگاه شروع شده داریم نزدیک امتحانات لغو شده هم می شیم ولی اینترنت هنوز وصل نشده من برای آموزش های دروس به یوتیوب خیلی وابسته بودن و اگر مشکلی بود با گوگل لنز و جمنای مسائل کناب رو حل می کردم الان ما رو رها کردن با کتابی که نویسنده هاش هیچ درکی از ساده توضیح دادن ندارند خلاصه اقا امتحانات بسیار سخت شده چون به محتوای آموزشی دسترسی ندارن»,2026-01-23 00:00:00.000 +0330
141,دانشجو,«تازه داشتیم به ازدواج فکر میکردیم و با محاسباتمون حدودا ۵ سال دیگه میتونستیم اما الان با این کار شما آنلاین شاپ ما که خرید و فروش گیفت کارت های گوگل پلی  بود داخل تلگرام به مشکل خورد و ۴۶۶۳ دلار ضرر کردیم و هیچکس هم جوابگو نیست چون داخل تراست والتمون داشتیم جمع میکردیم. حال آرزوی ازدواج هیچ تا همین سه روز پیش هر دو ما به خودکشی فکر میکردیم و هنوز هم میکنیم. شما مسلمان نیستید؟ ما تعدادی انسان هستیم که مثل شما مسئولین اونقدر پول نداریم زندگی کنیم فقط نفس میکشیم. نت را وصل کنید»,2026-01-23 00:00:00.000 +0330
142,صاحب کسب و کار اینترنتی,«کسب و در آمدم از طریق اینستاگرام هست واقعا علنا استعدادم و پول هام از من گرفته شدند . حقوق اولیه ماست این روش درست نیست»,2026-01-23 00:00:00.000 +0330
143,دانشجو,«من وقت زیادی تو یوتوب و اینستا بودم از وقتی که اینترنت قطع شده دیگ به هیچی دسترسی نداشتم و تو روز هیچ کاری نمیکنم و به فروپاشی روانی رسیدم اظراب زیادی دارم و خوابم بهم ریخته واقعا اینترنت برایه من جنبه کاری و علمی نداره ولی تنها سرگرمی من جوان ایران فقط اینستا یوتوب تلگرام ... هست من واقعا خسته شدم دیگ بدون اینترنت نمیتونم»,2026-01-23 00:00:00.000 +0330
144,صاحب کسب و کار اینترنتی,«من ۲۶ ساله هستم و از خوزستان هستم حدودا ۳ سال طول کشید تونستم آنلاین شاپ خودم داخل تلگرام به حداقل روزی ۵ تا سفارش برسونم. کارم فقط خریدهای درون برنامه ای بازی های کالاف و دلتافورس بود و با پولش داروهای برادر معلولم رو میخریدم و یه کمی هم در حد ۳۰۰ هزار تومن در ماه خرج خودم میشد. دو ماه پیش فهمیدم بابام حالش زیاد خوب نیست و فهمیدم سنگ کلیه ی بزرگی داره که براش باید عمل بشه و با کلی قرض از این و اون تمام شد و الان من دو هفتست بیکارم و بابام برگشته کارگری. کی وصل میکنید؟»,2026-01-23 00:00:00.000 +0330
145,گیمر,«به عنوان یک گیمر که فقط جهت سرگرمی بازی می‌کردم میگم که تنها دل خوشی ما که بعد کار کردن یا درس خوندن یکم مارو اروم میکرد و فقط یکم حالمونو خوب میکرد همین گیم بود که همونم ازمون گرفتن بماند که کلی کار و زندگی داریم مثل تکالیف و ... که انجام دادنشون بدون نت غیر ممکنه»,2026-01-23 00:00:00.000 +0330
146,مدیر کسب و کار حوزه web3,"«من مالک چند کسب وکار رو وب ۳ هستم که مشتریانم بین المللی هستن ، تو اوج تبلیغات دسترسی به کسب و کارم ندارم از ۴۸ ساعت قبل به دلیل عدم توان پرداخت پول هاست سایت هام اومده پایین ، سایت هایی که چند هفته قبل ۴۰ هزار دلار ارزش گذاری شده بود .

به بهانه ی امنیت ام ، حکومتم امنیتم رو گرفت و کسب وکار ۴۰ هزار دلاری ام رو نابود کرد و احتمالا با شکایت های بین المللی روبرو بشم.»",2026-01-23 00:00:00.000 +0330
147,دانش آموز,"«دانش اموزم و همه ی جزوه های مربوط به درس هام داخل تلگرامه و سرگرمی ندارم
زبان روسی یاد میگرفتم اما به لطف قطعی نت الان دیگه نمیتونم و هیچی بالا نمیاد
و الان کاملا سرگرمیام از بین رفته»",2026-01-23 00:00:00.000 +0330
148,ادیتور,«من ادیتورم و توی شبکه های اجتماعی تولید محتوا و ادیت ویدیو میکنم، کسب و کارم از این طریق بود...برنامه های ادیتور خارجی خیلی محدود شدن و عملاً فقط میشه بازشون کرد چون نت بین المللی قطع شده. تازه کارِ من نسبت به بقیه ی شهروندان ساده تره...»,2026-01-23 00:00:00.000 +0330
149,دانشجو,"«دانشجوی ارشدم الان باید روی پروپوزالم کار می‌کردم بعدم پایان‌نامه‌ام اما با قطع اینترنت هیچ کاری نمی‌تونم کنم دست روی دست گذاشتم تا اینترنت بین‌الملل وصل بشه. حتی با توجه به رشته‌ام که حقوق بین‌الملل هست منابع داخلی کافی نیست و باید به منابع روز دنیا دسترسی داشته باشم و همین طور بدونم تو دنیا داره چه اتفاقاتی می‌افته اما متاسفانه نمیشه به هیچ کدوم دسترسی داشت.
واقعا نمی‌دونم چرا مسئولین اینترنت بین‌الملل وصل نمی‌کنن؟ به دلیل قطع اینترنت روز به روز زندگی‌ها داره سخت‌تر از قبل.»",2026-01-23 00:00:00.000 +0330
150,نامشخص,«سلام برادرم معلول جسمی حرکتیه فقط یدونه از دست هاش کار میکنه پونزده روزه که فقط به در و دیوار نگاه میکنه تنها دل خوشیش گشتن تو اینترنت بود»,2026-01-23 00:00:00.000 +0330
151,نامشخص,"«معلول جسمی حرکتی شدیم و 41 سالمه و در دهک یک یارانه، به امید اینکه یه درآمدی از ارز دیجیتال کسب کنم وارد این بازار شدم ،با قطعی اینترنت کلی از سرمایم را از دست دادم و روز به روز زندگی برام تنگتر داره میشه 
اونقدر خستم که دیگه حتی طاقت صحبت با نزدیکانم را ندارم 
بریدم برییییدم»",2026-01-23 00:00:00.000 +0330
152,دانشجو,«دانشجوی ترم ۵ مهندسی ام ۳ پروژه برداشتم به امید پیشرفت و ترقی ولی قطعی اینترنت باعث شد پروژه هام از دست بره علاوه بر اون استرس و اضطراب شدید روی زندگیم سایه انداخت بی نهایت اثرات منفی داشت که حتی کلماتم نمیتونه توصیفش کنه»,2026-01-23 00:00:00.000 +0330
153,"کارشناس سئو , فریلنسر","«روایت دیگه بگم بازم به عنوان متخصص سئو فریلنسر اینکه قطعی اینترنت و فشار معیشتی باعث شده دو ماهه من از پروژه های که گرفتم دریافتی نداشته باشم.
از طرفی برای حفظ نتایج دارم ادامه میدم ولی واقعا خسته شدم چرا هر چی تلاش می‌کنیم به هیچ جا نمیرسه که هیییچ تازهههه هی دست انداز جلو پامون میزارید ما جوونا که نه آشنا جایی داریم نه مال ارث رسیده داریم فقططط داریم تلاااش در جهت مثبت میکنیم به هر خدایی ایمان دارید و هر کسی و هرچیزی براتون مهمه قسم اینترنت دیگه محدود نکنید ...»",2026-01-23 00:00:00.000 +0330
154,برنامه نویس,«ماهانه دارم اشتراک هاست آلمان میدم و سایتم از دسترس خارج شده و حتی نمیتونم به سی پنل و یا پنل ادمین سایتم وارد بشم ، در کنار این من یک فریلنسر طراح سایت هستم و ...»,2026-01-23 00:00:00.000 +0330
155,کارشناس سئو,"«من متخصص سئو هستم میخام از یه گوشه از مشکلاتی که بوجود اومده بگم
ربات های گوگل دسترسی به کرال و دیدن صفحات ندارند. این باعث شده نتایج کلمات که براش ماها تلاش کردیم یا به تازگی نتیجه دیده بودیم از صفحه گوگل بره البته که میشه تا خیلی دیر نشده جبران کنیم ولی امیدوارم زیاد طول نکشه ....
اینترنت بین المللی وصل بشه کامل.
ما ابزار های مختلفی برای کارمون داریم که این ابزار ها هم با محدودیت اینترنت کلا نمیشه استفاده کرد.
گوگل شیت، گوگل داکس، کیورد تولز، کی دبلیو فایندر»",2026-01-23 00:00:00.000 +0330
156,مدیر هماهنگی یک موزیسین خارجی,«ما هیچ، ما به درک، خودشونم نمیبینن که با این کار خیلی افراد از این دولت نا امید و بی اعتماد شدن و موجی از مهاجرت ها شروع خواهد شد، تحمل کردن هزینه های مهاجرت برای من به شخصه خوشایند تر از نابود شدن کارم و اعتماد دیگران به من هست...»,2026-01-23 00:00:00.000 +0330
157,دانشجو,«از کار افتادن- از دانشگاه افتادم - سرگرمی هم ندارم و رسماً با مرده قبرستان فرقی نمیکنم.»,2026-01-23 00:00:00.000 +0330
158,دانش‌اموز، یوتیوبر، برنامه نویس,"«چنل یوتیوب انگلیسی داشتم و تازه داشت رشد می‌کرد و درآمد زایی اش فعال میشد اما با قطعی اینترنت همه چی خاموش شد
من نمیدونم چرا هرموقع نزدیک به موقعیت موفقیت میشم جلوش گرفته میشه
حرف های مسولانمون درمورد اینترنت واقعا آسیب روحی و روانی داره
چرا باید کسایی که 70 سال به بالا هستن درمورد اینترنت و تکنولوژی تصمیم گیری کنن؟»",2026-01-23 00:00:00.000 +0330
159,مربی بدنسازی,«سالهاست بعنوان مربی بدنسازی کار میکنم. چند ماهه کارمو توسعه دادم و از طریق اینستاگرام هم شاگرد میگیرم و بهشون برنامه میدم. این دو هفته شاگرد جدیدی که نگرفتم که هیچ، حتی برنامه های شاگردای قبلیمو هم نتونستم براشون بفرستم»,2026-01-23 00:00:00.000 +0330
160,صاحب کسب و کار اینترنتی,«روایت ؟ قطع اینترنت به منزله قطع زندگی است .حقوق کارمندانم را از سرمایه ی شخصیم دادم. در آستانه ی ورشکستگی هستم بعد از ۱۵ سال تلاش. انگیزه برای ادامه ندارم . حتی دسترسی به یک بازی ساده برای حواس پرتی از شرایط ندارم. چه چیزی را روایت کنیم ؟ خودکشی خاموش یا ناامیدی را ؟»,2026-01-23 00:00:00.000 +0330
161,طراح وب سایت,«من از دوران کرونا که موقعیت شغلی خودم را از دست داده ام بصورت پروژه ای و دورکاری برای پروژه های انیمیشن مشغول بکار شدم و تمام کار من از اجرا تا ارائه به اینترنت مربوط میشود. اینترنت بین المللی را بطور کامل وصل کنید.»,2026-01-23 00:00:00.000 +0330
162,یوتیوبر,«قطع اینترنت زندگی منو دگرگون کرد واقعا بی انصافی و نامردی است قطع اینترنت باعث شد من از کار بیکار بشم فقط ارزومه چندماه اینجا کار کنم بعد برم کشور خارجی هر جا به جز ایران آفریقا هم ویزا بده میرم حداقل میدونم که درامد یوتیوبم رو میتونم نقد کنم بدون واسطه و اینترنت حتی تو آفریقا هم سرعتش خوبه نسبت به ایران»,2026-01-23 00:00:00.000 +0330
163,دانش‌آموز,«اگر از نسل جوون تبیین می خواید باید بذارید ما به منابع زبان اصلی و اخبار رسمی همه ی دنیا دسترسی داشته باشیم تا بتونیم جلوی دروغ هایی که هر روز گفته میشه وایسیم! ما دو هفته ست که به عنوان دانش آموز به منابع درسی خودمون دسترسی نداریم و بعد یه عده میان راجع به معدل کل کشور اظهار نظر می کنن و راه حل های کاملا بی ربط میدن. خلاصه ی کلام اینه که برای ما حتی راه دور موندن از این تنش اضافی واسه درس خوندن هم بسته شده.»,2026-01-23 00:00:00.000 +0330
164,دانشجو,«من خیلی از پروژه هام نیاز به اینترنت دارن بذای تحقیق خوب و الان بدون اینترنت هیچ کاری از دستم برنمیاد»,2026-01-23 00:00:00.000 +0330
165,دانشجو,«من قبل از قطعی اینترنت برای چندتا دانشگاه اپلای کردم و با این قیمت بالای دلار و یورو، اپلیکیشن‌فی هم پرداخت کردم اما اینترنت قطع شد و هیچ‌‌کدوم از ایمیل‌های استادها و دانشگاه‌ها بهم نرسید. دیروز وقتی چند دقیقه ایمیل برام بالا اومد، دیدم دهم ژانویه به مصاحبه دعوت شده بودم اما ندیدم و فرصت رو از دست دادم😭»,2026-01-23 00:00:00.000 +0330
166,نامشخص,«ارتباطم با پسرم اون سر دنیا یه روز در میون و با کلی سختی شده. تقریبا نمی‌تونیم حتی چند دقیقه با هم صحبت کنیم. روی پیامی که شاید بره نمی‌شه حساب کرد و هزینه تلفن هم که خیلی زیاده. فقط به سختی بهش اطلاع می‌دم که حالمون خوبه.»,2026-01-23 00:00:00.000 +0330
167,صاحب کسب و کار اینترنتی,«بدون پیج اینستاگرامم، درآمد من تقریبا به یک چهارم رسیده. هماهنگی با مشتری‌هایی که پول برام واریز کرده بودن غیر ممکن شده و الان پول عده زیادی دست من مونده. بدون ایسنتاگرام باید همه زندگیم رو تعطیل کنم.»,2026-01-23 00:00:00.000 +0330
